HOME,AWAY,DATE,TIME (CT)
CBJ,SJS,10/8/2010,2:00 PM
SJS,CBJ,10/9/2010,2:00 PM
CBJ,CHI,10/15/2010,6:00 PM
MIN,CBJ,10/16/2010,7:00 PM
CBJ,ANH,10/20/2010,6:00 PM
CBJ,CGY,10/22/2010,6:00 PM
CHI,CBJ,10/23/2010,7:30 PM
CBJ,PHI,10/25/2010,6:00 PM
CBJ,EDM,10/28/2010,6:00 PM
COL,CBJ,10/30/2010,8:00 PM
CBJ,MON,11/2/2010,6:00 PM
ATL,CBJ,11/4/2010,6:00 PM
CBJ,MIN,11/6/2010,6:00 PM
CBJ,STL,11/10/2010,6:00 PM
CBJ,COL,11/12/2010,6:00 PM
LAK,CBJ,11/17/2010,9:30 PM
ANH,CBJ,11/19/2010,9:00 PM
SJS,CBJ,11/20/2010,9:30 PM
CBJ,NSH,11/22/2010,6:00 PM
NYI,CBJ,11/24/2010,6:00 PM
CBJ,DET,11/26/2010,6:00 PM
DET,CBJ,11/28/2010,4:00 PM
CBJ,NSH,12/1/2010,6:00 PM
BUF,CBJ,12/3/2010,6:30 PM
CBJ,PIT,12/4/2010,6:00 PM
CBJ,DAL,12/6/2010,6:00 PM
STL,CBJ,12/9/2010,7:00 PM
CBJ,NYR,12/11/2010,6:00 PM
CGY,CBJ,12/13/2010,8:00 PM
VAN,CBJ,12/15/2010,9:00 PM
EDM,CBJ,12/16/2010,8:30 PM
CBJ,DAL,12/18/2010,6:00 PM
CBJ,CGY,12/21/2010,6:00 PM
CBJ,VAN,12/23/2010,6:00 PM
CHI,CBJ,12/26/2010,6:00 PM
CBJ,MIN,12/27/2010,6:30 PM
TOR,CBJ,12/30/2010,6:00 PM
CBJ,OTT,12/31/2010,6:00 PM
NSH,CBJ,1/2/2011,5:00 PM
ARI,CBJ,1/4/2011,8:00 PM
ANH,CBJ,1/7/2011,9:00 PM
LAK,CBJ,1/8/2011,9:30 PM
CBJ,ARI,1/11/2011,6:00 PM
CBJ,DET,1/14/2011,6:00 PM
DET,CBJ,1/15/2011,6:00 PM
TBL,CBJ,1/18/2011,6:30 PM
FLA,CBJ,1/19/2011,6:30 PM
STL,CBJ,1/22/2011,7:00 PM
CBJ,ANH,1/25/2011,6:00 PM
CBJ,CHI,2/1/2011,6:00 PM
DET,CBJ,2/4/2011,6:30 PM
CBJ,EDM,2/5/2011,6:00 PM
PIT,CBJ,2/8/2011,6:00 PM
CBJ,SJS,2/9/2011,6:00 PM
CBJ,COL,2/11/2011,6:00 PM
DAL,CBJ,2/13/2011,2:00 PM
CBJ,LAK,2/16/2011,6:00 PM
CHI,CBJ,2/18/2011,7:30 PM
CBJ,NSH,2/22/2011,6:00 PM
CBJ,ARI,2/25/2011,6:00 PM
NSH,CBJ,2/27/2011,2:00 PM
VAN,CBJ,3/1/2011,9:00 PM
EDM,CBJ,3/3/2011,8:00 PM
CGY,CBJ,3/4/2011,8:00 PM
STL,CBJ,3/7/2011,8:00 PM
CBJ,STL,3/9/2011,6:00 PM
CBJ,LAK,3/11/2011,6:00 PM
CAR,CBJ,3/12/2011,6:00 PM
CBJ,BOS,3/15/2011,6:00 PM
CBJ,DET,3/17/2011,6:00 PM
MIN,CBJ,3/19/2011,1:00 PM
CBJ,NJD,3/20/2011,4:00 PM
COL,CBJ,3/22/2011,8:00 PM
ARI,CBJ,3/24/2011,9:00 PM
CBJ,VAN,3/27/2011,4:00 PM
CBJ,FLA,3/29/2011,6:00 PM
WSH,CBJ,3/31/2011,6:00 PM
CBJ,CHI,4/1/2011,6:00 PM
CBJ,STL,4/3/2011,4:00 PM
DAL,CBJ,4/5/2011,7:30 PM
NSH,CBJ,4/8/2011,7:00 PM
CBJ,BUF,4/9/2011,6:00 PM
